Staff ID;FirstName;LastName;Date of Birth;Gender;Position ID ;Email Address;Comments
1;LAKISHA;TOMBLIN;06.08.1961;F;2;l_tomblin@nnl.com;NULL
2;KRIS;SWEELY;24.12.1980;M;3;k_sweely@yahoo.com;NULL
3;ELSIE;ESTELL;07.07.1974;F;8;elsie.estell@rrg.net;NULL
4;TYRELL;ROSENBERG;02.08.1965;M;6;tyrell_rosenberg@hotmail.com;NULL
5;MADELYN;HOOVER;04.12.1962;F;1;madelyn_hoover@hotmail.com;NULL
6;KENETH;PARHAM;30.03.1967;M;2;k_parham@live.com;NULL
7;LYLE;MALLORY;06.07.1989;M;8;l_mallory@live.com;NULL
8;CLIFTON;FIGUEROA;23.03.1956;M;6;c_figueroa@live.com;NULL
9;MOHAMMAD;RICHEY;01.07.1995;M;2;mohammad_richey@jcl.net;NULL
10;WINIFRED;DUNCAN;20.10.1968;F;11;7w_duncan@hotmail.com;NULL
11;VERNITA;SEABORN;13.10.1993;F;19;6v_seaborn@gmail.com;NULL
12;LENORA;HIGGINS;29.06.1997;F;3;l_higgins@msv.org;NULL
13;DON;RUSS;13.10.1971;M;4;don_russ@jcl.net;NULL
14;THADDEUS;STALEY;13.02.1992;M;7;t_staley@nnl.com;NULL
15;WILFORD;RIVERA;21.09.1978;M;1;wilford.rivera@gmail.com;NULL
16;LANCE;BEYER;30.09.1990;M;5;l_beyer@rnl.com;NULL
17;LASHANDA;SNOWDEN;28.06.1983;F;8;lashanda.snowden@rrg.net;NULL
18;GLORY;FELDER;18.11.1963;F;3;glory.felder@hotmail.com;NULL
19;ESTELLA;BLALOCK;17.10.1951;F;7;e_blalock@ccf.org;NULL
20;TRAVIS;RAMOS;21.04.1983;M;1;travis_ramos@hotmail.com;NULL
21;ILA;THOMPSON;17.05.1979;F;2;i_thompson@yahoo.com;NULL
22;LORRAINE;MCKEE;11.10.1973;F;6;l_mckee@hotmail.com;NULL
23;SHELLIE;MONTANO;19.09.1974;F;1;shellie_montano@hotmail.com;NULL
24;ERVIN;LAWRENCE;20.12.1984;M;8;ervin_lawrence@hotmail.com;NULL
25;GOLDA;GRANGER;28.04.1982;F;8;g_granger@msv.org;NULL
26;KING;MERCADO;26.11.1952;M;13;7k_mercado@hotmail.com;NULL
27;GERARDO;BOWSER;19.08.1953;M;2;gerardo_bowser@hotmail.com;NULL
28;KARIN;MCCARTY;17.10.1985;F;3;k_mccarty@gmail.com;NULL
29;MAYRA;CALLAHAN;07.08.1979;F;6;m_callahan@live.com;NULL
30;CALLAN;MCCONNELL;13.12.1958;M;8;callan.mcconnell@gmail.com;NULL
31;CLAYTON;MARKS;08.03.1988;M;5;c_marks@nnl.com;NULL
32;TRACY;CUMMINGS;07.01.1991;F;4;tracy.cummings@gmail.com;NULL
33;NELSON;CASEY;18.06.1986;M;8;n_casey@hr.org;NULL
34;STAN;STOVALL;07.10.1960;M;6;s_stovall@gmail.com;NULL
35;EARLENE;HOGAN;27.02.1964;F;8;e_hogan@gmail.com;NULL
36;WAYNE;ROSARIO;20.06.1953;M;5;w_rosario@gmail.com;NULL
37;AUTUMN;MCCALL;11.03.1965;F;3;autumn.mccall@rrg.net;NULL
38;PRINCESS;CATT;21.06.1970;F;8;p_catt@hotmail.com;NULL
39;SIBYL;TAGALA;21.05.1998;F;1;sibyl.tagala@hotmail.com;NULL
40;MILAGROS;BUSCH;20.12.1965;F;8;milagros_busch@jcl.net;NULL
41;DONNIE;JENNINGS;15.10.1969;F;1;d_jennings@msv.org;NULL
42;OTIS;ENRIQUEZ;11.01.1986;M;11;7otis_enriquez@hotmail.com;NULL
43;PETE;REDDING;17.12.1988;M;2;p_redding@ccf.org;NULL
44;VAN;JACK;18.02.1967;M;8;v_jack@hr.org;NULL
45;CYNTHIA;SOSA;08.11.1989;F;8;c_sosa@gmail.com;NULL
46;LUCIA;SPICER;26.09.1952;F;7;l_spicer@yahoo.com;NULL
47;TONJA;LEPPALA;20.05.1958;F;8;t_leppala@yahoo.com;NULL
48;RENATO;CREECH;08.11.1967;M;3;renato.creech@yahoo.com;NULL
49;DESMOND;JEFFERS;31.05.1952;M;7;desmond_jeffers@hotmail.com;NULL
50;CANDELARIA;WISE;01.08.1967;F;4;c_wise@hotmail.com;NULL
51;RORY;RODEFER;19.09.1995;M;5;rory_rodefer@ffrs.gov;NULL
52;SHERRI;CRAWFORD;24.01.1953;F;3;s_crawford@yahoo.com;NULL
53;MANUELA;PRUETT;03.10.1964;F;3;manuela_pruett@yahoo.com;NULL
54;TASHA;INGRAHAM;06.10.1965;F;1;t_ingraham@gmail.com;NULL
55;TAMIKA;ESCOBEDO;29.03.1951;F;3;t_escobedo@msv.org;NULL
56;MARTYN;GLEASON;08.06.1979;M;2;m_gleason@nnl.com;NULL
57;CHRISTOPHER;LANGEVIN;12.11.1962;M;4;c_langevin@hotmail.com;NULL
58;NICHOLAS;FORRESTER;29.08.1996;M;6;nicholas.forrester@rrg.net;NULL
59;MARITA;ELAM;21.02.1984;F;1;m_elam@yahoo.com;NULL
60;RYAN;HAHN;20.04.1968;M;7;ryan_hahn@hotmail.com;NULL
61;CHI;MIMS;05.08.1963;M;7;c_mims@msv.org;NULL
62;SUSAN;VANCE;07.09.1973;F;2;s_vance@gmail.com;NULL
63;GARETH;ROBERSON;30.04.1978;M;11;7g_roberson@nnl.com;NULL
64;GREIG;WALTERS;03.11.1976;M;5;g_walters@hotmail.com;NULL
65;ARMANDO;MOSLEY;01.01.1956;M;3;a_mosley@hotmail.com;NULL
66;JAYSON;MCCLELLAND;15.03.1967;M;3;j_mcclelland@yahoo.com;NULL
67;GRANT;DOWDY;15.12.1955;M;21;115grant.dowdy@hotmail.com;NULL
68;ALVA;OWEN;20.08.1971;F;5;a_owen@hotmail.com;NULL
69;ELDON;CRAIG;15.07.1983;M;10;9e_craig@gmail.com;NULL
70;BOYCE;WILLIAM;06.12.1983;M;4;b_william@hotmail.com;NULL
71;VITO;KANIECKI;31.03.1965;M;4;v_kaniecki@hr.org;NULL
72;NAPOLEON;PEDROZO;07.04.1964;M;2;n_pedrozo@hotmail.com;NULL
73;DARYL;MASON;14.08.1977;M;5;d_mason@fin.gov;NULL
74;LESLIE;BOSTON;24.07.1995;M;3;leslie.boston@yahoo.com;NULL
75;MITCHEL;KIM;29.12.1994;M;2;m_kim@hotmail.com;NULL
76;BERTA;HERMAN;24.05.1993;F;13;7b_herman@gmail.com;NULL
77;WILDA;LAMBERT;03.09.1991;F;6;w_lambert@yahoo.com;NULL
78;NEVA;CLAY;26.12.1978;F;7;n_clay@gmail.com;NULL
79;CHARLES;MACK;11.08.1975;M;3;c_mack@hotmail.com;NULL
80;HETTIE;CARMONA;08.06.1996;F;4;h_carmona@ccf.org;NULL
81;LUCIEN;MURILLO;24.06.1965;M;10;9l_murillo@fin.gov;NULL
82;DEVON;GOBERN;02.09.1958;M;8;d_gobern@ccf.org;NULL
83;KRISTA;EARLY;21.08.1985;F;5;k_early@hr.org;NULL
84;GREIG;CONN;30.10.1993;M;6;greig_conn@hotmail.com;NULL
85;IRMA;MONTANEZ;27.11.1954;F;8;i_montanez@gmail.com;NULL
86;JERRELL;OHARA;16.05.1967;M;8;j_ohara@msv.org;NULL
87;BRANDON;YANG;10.10.1975;M;5;brandon.yang@gmail.com;NULL
88;MARLENE;SCHUMACHER;05.11.1987;F;4;marlene.schumacher@rrg.net;NULL
89;CLEMENTINE;JACKSON;13.06.1972;F;8;clementine.jackson@gmail.com;NULL
90;SHAWANDA;CANTU;02.05.1977;F;13;7s_cantu@hr.org;NULL
91;TAMIKA;COE;02.09.1953;F;8;t_coe@fin.gov;NULL
92;ABRAHAM;GATLIN;19.06.1987;M;8;abraham.gatlin@hotmail.com;NULL
93;JANE;HEDRICK;05.03.1975;F;5;j_hedrick@gmail.com;NULL
94;ALONSO;HITCHCOCK;29.01.1968;M;8;alonso.hitchcock@gmail.com;NULL
95;LEO;VEGA;17.11.1957;M;3;l_vega@live.com;NULL
96;TANA;HILLMAN;20.01.1957;F;2;tana_hillman@hotmail.com;NULL
97;NELLIE;LINDSEY;05.06.1985;F;2;n_lindsey@ccf.org;NULL
98;KELLEY;DANIEL;19.06.1966;M;7;kelley.daniel@gmail.com;NULL
99;MARGARETTE;STEM;12.09.1966;F;16;130m_stem@ccf.org;NULL
100;KELVIN;RULAPAUGH;23.08.1983;M;2;k_rulapaugh@gmail.com;NULL
101;MAYRA;SMITH;17.01.1982;F;7;m_smith@yahoo.com;NULL
102;JANNA;NICKA;07.08.1980;F;7;j_nicka@msv.org;NULL
103;PAULINE;NEWCOMB;07.12.1957;F;1;p_newcomb@gmail.com;NULL
104;ELVA;PATTEN;07.04.1983;F;7;e_patten@msv.org;NULL
105;SHANE;COLAIZZO;30.05.1970;M;16;130s_colaizzo@fin.gov;NULL
106;THERSA;ARREDONDO;02.02.1964;F;2;t_arredondo@gmail.com;NULL
107;AMPARO;SYKES;29.02.1960;F;16;130a_sykes@ccf.org;NULL
108;JORGE;BLACKWELL;08.05.1955;M;7;j_blackwell@hotmail.com;NULL
109;TYLER;BOOTH;26.01.1972;M;4;t_booth@gmail.com;NULL
110;JORGE;WAYMIRE;17.02.1988;M;1;jorge_waymire@ffrs.gov;NULL
111;KENNETH;MEIER;17.03.1984;M;5;kenneth_meier@ffrs.gov;NULL
112;AUBREY;ERWIN;01.11.1960;M;7;a_erwin@yahoo.com;NULL
113;CHARLES;STILES;25.08.1981;M;4;c_stiles@gmail.com;NULL
114;LOWELL;BAER;01.08.1951;M;3;l_baer@fin.gov;NULL
115;TRACEY;ONOFRIO;07.01.1986;F;1;t_onofrio@ccf.org;NULL
116;STELLA;HIEBER;23.07.1972;F;2;stella_hieber@hotmail.com;NULL
117;ROSEANNE;VILLANUEVA;14.06.1955;F;9;7roseanne_villanueva@yahoo.com;NULL
118;VALENTIN;PARRISH;22.11.1978;M;2;valentin.parrish@rrg.net;NULL
119;TERESITA;RUSH;05.07.1991;F;6;t_rush@yahoo.com;NULL
120;CAREY;HALEY;04.02.1979;F;5;c_haley@yahoo.com;NULL
121;BURT;PLATT;27.02.1962;M;23;b_platt@hotmail.com;NULL
122;ZORA;TATE;23.06.1967;F;7;zora_tate@jcl.net;NULL
123;PENELOPE;ROOT;16.07.1963;F;3;penelope.root@rrg.net;NULL
124;DENNY;MORALES;21.03.1995;M;7;denny_morales@hotmail.com;NULL
125;DALE;BRANCH;06.04.1982;M;14;110d_branch@live.com;NULL
126;LAURENCE;METCALF;13.06.1956;M;7;laurence.metcalf@yahoo.com;NULL
127;MERYL;BENNETT;25.04.1963;F;7;m_bennett@nnl.com;NULL
128;BERNARDO;RICHEY;07.03.1951;M;7;b_richey@live.com;NULL
129;DAN;KINNEY;12.02.1974;M;4;d_kinney@hotmail.com;NULL
130;ARCHIE;ATKINSON;06.03.1970;M;4;a_atkinson@ccf.org;NULL
131;HUGH;VARRIANO;10.02.1958;M;10;9hugh.varriano@gmail.com;NULL
132;SONYA;HOLBROOK;19.12.1969;F;16;130s_holbrook@rnl.com;NULL
133;PATRICA;OLSEN;12.09.1982;F;5;p_olsen@gmail.com;NULL
134;DELIA;SHOMO;19.12.1986;F;2;d_shomo@yahoo.com;NULL
135;CARLA;VINSON;21.01.1958;F;7;c_vinson@ccf.org;NULL
136;FRANCIS;NGUYEN;10.11.1986;F;13;7f_nguyen@live.com;NULL
137;WILLARD;PUTNAM;28.08.1958;M;3;w_putnam@gmail.com;NULL
138;TARSHA;WILKINSON;02.04.1963;F;2;t_wilkinson@hr.org;NULL
139;DEBBY;DUNLAP;04.01.1974;F;23;debby_dunlap@jcl.net;NULL
140;GILDA;PERRY;20.07.1993;F;6;g_perry@yahoo.com;NULL
141;GARRY;SANTANA;02.07.1993;M;4;g_santana@live.com;NULL
142;NICKOLAS;NUNEZ;03.03.1994;M;7;nickolas.nunez@gmail.com;NULL
143;PALMA;GRIER;24.08.1962;F;4;p_grier@yahoo.com;NULL
144;RUSSELL;WHITTINGTON;01.09.1957;M;8;russell_whittington@hotmail.com;NULL
145;OLIVE;SALMON;07.05.1954;F;23;o_salmon@ccf.org;NULL
146;GARRETT;BOLLINGER;19.12.1970;M;1;g_bollinger@gmail.com;NULL
147;IGNACIO;COKLEY;23.01.1955;M;6;ignacio_cokley@jcl.net;NULL
148;NOBLE;MEINERDING;21.08.1950;M;20;7n_meinerding@ccf.org;NULL
149;THELMA;SKURSKY;28.04.1959;F;5;t_skursky@rnl.com;NULL
150;AL;BOWLES;01.02.1969;M;1;al.bowles@hotmail.com;NULL
151;CRAIG;COUSEY;16.02.1970;M;8;c_cousey@gmail.com;NULL
152;TRACI;BROOKS;15.02.1969;F;1;traci_brooks@hotmail.com;NULL
153;ISABELLA;WATERMAN;01.01.1979;F;4;isabella.waterman@rrg.net;NULL
154;JEROME;JACKSON;23.01.1956;M;4;jerome.jackson@rrg.net;NULL
155;SILAS;DIAS;08.02.1997;M;13;7s_dias@hotmail.com;NULL
156;TOD;CLARKE;04.04.1964;M;7;t_clarke@ccf.org;NULL
157;DONNELL;MYLES;02.01.1991;M;1;d_myles@gmail.com;NULL
158;KEITH;MEADOWS;08.08.1959;M;2;k_meadows@live.com;NULL
159;JOHNNIE;PRESTON;19.09.1957;M;4;johnnie.preston@gmail.com;NULL
160;NANETTE;TALBOT;29.04.1994;F;4;n_talbot@hotmail.com;NULL
161;RENATA;ENGLISH;03.01.1956;F;7;r_english@gmail.com;NULL
162;SAMMIE;DICKENS;05.07.1972;F;3;s_dickens@msv.org;NULL
163;ANDRA;CAREY;27.11.1987;F;3;a_carey@gmail.com;NULL
164;GREGOR;WOLNY;30.04.1980;M;7;g_wolny@yahoo.com;NULL
165;LUTHER;DOYLE;29.04.1998;M;10;9l_doyle@gmail.com;NULL
166;ENOLA;AUSTIN;23.11.1991;F;4;e_austin@nnl.com;NULL
167;DARIUS;NOBLE;06.12.1959;M;7;d_noble@gmail.com;NULL
168;WILTON;SEXTON;03.12.1982;M;2;w_sexton@msv.org;NULL
169;KATHY;KRAMER;20.02.1989;F;7;kathy_kramer@yahoo.com;NULL
170;LUPE;MAILLARD;23.04.1981;F;1;lupe_maillard@hotmail.com;NULL
171;LEANNE;NIELSEN;22.06.1982;F;1;l_nielsen@gmail.com;NULL
172;SEYMOUR;GROVES;02.05.1978;M;4;seymour.groves@rrg.net;NULL
173;GLENNA;FELTON;21.06.1964;F;2;g_felton@hotmail.com;NULL
174;LIN;PALAIA;03.12.1961;F;7;lin.palaia@yahoo.com;NULL
175;SHANELL;ORTIZ;29.08.1962;F;6;shanell_ortiz@jcl.net;NULL
176;NICOLETTE;DAVISON;17.05.1996;F;3;n_davison@ccf.org;NULL
177;GREGORIA;RYDER;21.09.1955;F;2;gregoria.ryder@gmail.com;NULL
178;KARRIE;TRUJILLO;08.11.1990;F;1;k_trujillo@hr.org;NULL
179;STACEY;SWITZER;23.07.1955;F;2;stacey.switzer@hotmail.com;NULL
180;KATHERYN;SPEER;11.02.1976;F;7;k_speer@gmail.com;NULL
181;PRUDENCE;HACKETT;30.09.1950;F;10;9p_hackett@hotmail.com;NULL
182;ROSANNE;CORCORAN;19.01.1977;F;1;rosanne_corcoran@jcl.net;NULL
183;ROSALIE;STEM;15.07.1985;F;1;rosalie.stem@hotmail.com;NULL
184;GEORGE;LYONS;12.03.1984;M;6;george_lyons@ffrs.gov;NULL
185;JAYNE;HARMAN;11.01.1982;F;2;j_harman@yahoo.com;NULL
186;MALLORY;WORRELL;25.01.1992;F;23;m_worrell@hotmail.com;NULL
187;CAMERON;NORMAN;16.12.1974;M;7;cameron.norman@yahoo.com;NULL
188;BERNARD;CROSBY;06.02.1977;M;6;b_crosby@yahoo.com;NULL
189;SHANELL;VILLALOBOS;19.03.1960;F;7;s_villalobos@yahoo.com;NULL
190;EVELYN;DEMESA;08.06.1961;F;10;9e_demesa@live.com;NULL
191;TY;LABRECHE;25.06.1966;M;3;t_labreche@hotmail.com;NULL
192;BRANDEE;MEANS;03.06.1962;F;6;b_means@nnl.com;NULL
193;LARISSA;COTTRELL;10.08.1957;F;5;l_cottrell@gmail.com;NULL
194;FRIEDA;BRAND;28.04.1965;F;6;frieda_brand@hotmail.com;NULL
195;DANI;GRIFFIN;24.07.1994;F;14;110d_griffin@gmail.com;NULL
196;LEE;DOW;28.12.1960;M;11;7l_dow@yahoo.com;NULL
197;MEAGAN;BRUCE;20.03.1982;F;5;m_bruce@live.com;NULL
198;JEANETTE;DOYLE;14.10.1989;F;5;jeanette_doyle@jcl.net;NULL
199;ANTHONY;SHAW;27.06.1977;M;5;anthony.shaw@rrg.net;NULL
200;ROBYN;ROSA;13.05.1984;F;3;r_rosa@msv.org;NULL
201;RANDI;CHAFFINS;27.08.1979;F;4;r_chaffins@gmail.com;NULL
202;MARJORIE;BLEDSOE;13.07.1969;F;6;m_bledsoe@gmail.com;NULL
203;DALE;PEARSON;01.11.1975;M;4;d_pearson@live.com;NULL
204;PAULA;BROWER;09.04.1960;F;9;7paula_brower@hotmail.com;NULL
205;DEVIN;MEYERS;01.07.1973;M;3;d_meyers@nnl.com;NULL
206;CHANTEL;LINDSEY;14.04.1972;F;4;chantel_lindsey@ffrs.gov;NULL
207;TOMAS;ABERNATHY;18.11.1958;M;2;t_abernathy@hr.org;NULL
208;KRISTI;CROOK;16.10.1972;F;2;k_crook@hr.org;NULL
209;RAMIRO;HIATT;25.05.1952;M;7;ramiro.hiatt@yahoo.com;NULL
210;MARANDA;MEIER;18.08.1952;F;2;m_meier@live.com;NULL
211;HESTER;CARDENAS;05.01.1975;F;8;h_cardenas@gmail.com;NULL
212;JOESPH;LANKFORD;06.03.1993;M;5;joesph_lankford@hotmail.com;NULL
213;BRANDY;MUELLER;15.02.1972;F;5;b_mueller@hotmail.com;NULL
214;MAUD;MORGAN;19.10.1971;F;2;m_morgan@gmail.com;NULL
215;IDA;GUERRERO;30.11.1989;F;6;i_guerrero@hr.org;NULL
216;TOMASA;HANDY;14.12.1956;F;1;t_handy@hotmail.com;NULL
217;DANNY;WILLARD;26.11.1953;M;23;d_willard@hotmail.com;NULL
218;DEMETRA;DURHAM;01.05.1998;F;5;d_durham@rnl.com;NULL
219;SAUL;PYLE;26.04.1998;M;4;s_pyle@fin.gov;NULL
220;CECELIA;MCDONALD;22.06.1968;F;6;c_mcdonald@nnl.com;NULL
221;JULES;BLACKMAN;01.07.1979;M;4;jules_blackman@hotmail.com;NULL
222;DEBBY;NUGENT;03.11.1958;F;4;d_nugent@rnl.com;NULL
223;MARTIN;JIMENEZ;05.05.1994;M;1;m_jimenez@hotmail.com;NULL
224;WARREN;PINTO;16.10.1973;M;8;warren.pinto@rrg.net;NULL
225;JUDI;NEWMAN;15.03.1961;F;2;j_newman@ccf.org;NULL
226;BORIS;LEBLANC;28.08.1977;M;6;boris_leblanc@jcl.net;NULL
227;GERTRUDE;ALFARO;07.01.1972;F;19;6g_alfaro@rnl.com;NULL
228;JONATHON;DELASANCHA;17.06.1952;M;5;jonathon.delasancha@rrg.net;NULL
229;LIZABETH;HUMPHREY;08.02.1998;F;7;l_humphrey@ccf.org;NULL
230;KATHI;FULTON;10.06.1977;F;1;k_fulton@yahoo.com;NULL
231;DENIS;BUCK;05.06.1966;M;3;d_buck@hotmail.com;NULL
232;BRET;ACUFF;26.01.1951;M;5;b_acuff@hotmail.com;NULL
233;BEULAH;OSTOLAZA;13.10.1955;F;7;b_ostolaza@msv.org;NULL
234;RODOLFO;MERCADO;11.02.1954;M;7;r_mercado@yahoo.com;NULL
235;LEONARDO;CONNER;16.05.1998;M;3;l_conner@live.com;NULL
236;ARTHUR;YUM;26.03.1957;M;4;a_yum@yahoo.com;NULL
237;MARSHALL;CHANG;01.08.1984;M;8;m_chang@gmail.com;NULL
238;CHUN;RYAN;02.03.1974;F;5;c_ryan@yahoo.com;NULL
239;JACK;GRUBB;06.01.1973;M;3;j_grubb@hr.org;NULL
240;BLANCH;HARDING;08.07.1987;F;7;b_harding@fin.gov;NULL
241;ANGEL;JERNIGAN;20.01.1962;F;6;a_jernigan@ccf.org;NULL
242;STEPHAINE;FARRELL;10.12.1978;F;23;s_farrell@yahoo.com;NULL
243;ELIJAH;SNOW;07.01.1990;M;23;e_snow@yahoo.com;NULL
244;RORY;HENGEL;22.05.1996;M;7;r_hengel@hotmail.com;NULL
245;JOSEFINA;CHRISTIAN;16.01.1997;F;5;josefina.christian@yahoo.com;NULL
246;JANNA;HILLS;14.10.1995;F;5;janna_hills@hotmail.com;NULL
247;QUINCY;LAMBERT;21.09.1977;M;2;quincy_lambert@hotmail.com;NULL
248;JERRY;DARLING;25.02.1980;F;6;j_darling@ccf.org;NULL
249;SUSIE;CARDONA;11.03.1986;F;7;susie_cardona@yahoo.com;NULL
250;ALEXANDRIA;SMALLS;17.05.1980;F;6;alexandria.smalls@hotmail.com;NULL
251;DESMOND;STONE;28.03.1991;M;20;7d_stone@gmail.com;NULL
